ã“ã‚“ã«ã¡ã¯ã€œ,aisatsu_hiru
ä»Šæ—¥ã¯å¯’ã„ã­ã€œ,zatsudan_tenki
ã“ã‚“ã«ã¡ã¯ã€‚ã“ã‚Œã‹ã‚‰ã‚ˆã‚ã—ããŠé¡˜ã„ã—ã¾ã™ã€‚ä»Šæ—¥ã¯ã„ã„å¤©æ°—ã§æš–ã‹ã„ã§ã™ã­ã€‚,zatsudan_tenki
ã§ã‚‚æš–ã‹ã™ãã‚‹ã›ã„ã‹ã€çœ ã„ã§ã™ã€‚,zatsudan_tenki
ä»Šã©ã®è¾ºã‚’é£›ã‚“ã§ã‚‹ï¼Ÿ,q_status_ichi
å…ƒæ°—ï¼Ÿ,q_status_kibun
ç”Ÿãã¦ã‚‹ï¼Ÿ,q_status_kibun
å›ã®ãƒŸãƒƒã‚·ãƒ§ãƒ³ã¯ï¼Ÿï¼Ÿ,q_01_mission
ã‚ˆã‚ã—ãã­ï¼,aisatsu_aiduchi
ã„ã¤æ‰“ã¡ã‚ãŒã£ãŸï¼Ÿ,zatsudan_tanjobi
é¡˜ã„äº‹ãŒã‹ãªã†ã¨ã„ã„ãª,kanso_ganbo
ã“ã‚“ã«ã¡ã¯,aisatsu_hiru
ã„ã¾ã©ã“ï¼Ÿ,q_status_ichi
å¯‚ã—ããªã„ï¼Ÿ,zatsudan_tomodachi
ã„ã¤ã¾ã§å®‡å®™ã«ã„ã‚‹ã®ï¼Ÿ,q_status_kikan
èª•ç”Ÿæ—¥ã¯ã„ã¤ï¼Ÿ,zatsudan_tanjobi
ãŠã¯ã«ã¡ã°ã‚“ã¯,aisatsu_hiru
èµ·ãã¦ã‚‹ï¼Ÿ,q_status_kibun
æ­»ã‚“ã§ã‚‹ï¼Ÿ,q_status_kibun
ãƒ¡ãƒƒã‚»ãƒ¼ã‚¸èª­ã¿ä¸Šã’ã¦,q_01_mission
ã„ã¾ã©ã£ã¡å‘ã„ã¦ã‚‹ã®ï¼Ÿ,q_01_shisei
è©±ã—ç›¸æ‰‹ã—ã¦,zatsudan_omikuji
ãªã‚“ã®ãŸã‚ã«å®‡å®™ã«è¡Œã£ãŸã®ï¼Ÿ,q_01_mission
åœ°çƒãŒæ‹ã—ã„ï¼Ÿ,zatsudan_tomodachi
ã“ã‚“ã«ã¡ã¯ï¼å¯’ããªã£ã¦ãã¾ã—ãŸãŒå®‡å®™ã¯å¯’ã„ã§ã™ã‹ã€‚ãã¡ã‚‰ã¯ã©ã‚“ãªæ™¯è‰²ã§ã™ã‹ï¼Ÿ,zatsudan_tenki
èº«é•·ã¯ï¼Ÿ,q_01_shiyo
ä½“é‡ã¯ï¼Ÿ,q_01_shiyo
æ¸©åº¦ã¯ï¼Ÿ,q_status_ondo
ã“ã‚“ã«ã¡ã¯,aisatsu_hiru
ã“ã‚“ã«ã¡ã¯,aisatsu_hiru
ç–²ã‚Œã¦ã¾ã™ã‹ï¼Ÿ,q_status_kibun
Hello world!,aisatsu_hiru
ã„ã¤ã‚‚ä½•é£Ÿã¹ã¦ã‚‹ã®ï¼Ÿ,q_status_denryoku
å®‡å®™ã‹ã‚‰è¦‹ã‚‹æ—¥é£Ÿã¯ã‚­ãƒ¬ã‚¤ã§ã™ã‹ï¼Ÿ,q_keshiki_tikyu
é›»åœ§ã¯ï¼Ÿ,q_status_denryoku
ã“ã‚“ã«ã¡ã¯,aisatsu_hiru
ãƒ¡ãƒƒã‚»ãƒ¼ã‚¸é€ã‚ŠãŸã„ã§ã™,aisatsu_aiduchi
åœ°çƒã¯é’ã„ã§ã™ã‹ï¼Ÿ,q_keshiki_tikyu
ã„ã¤åœ°çƒã«å¸°ã£ã¦ãã‚‹ã®ï¼Ÿ,q_status_kikan
åœ°çƒã¯ã©ã‚“ãªé¢¨ã«è¦‹ãˆã‚‹ï¼Ÿ,q_keshiki_tikyu
ã“ã“ã§ä¸€å¥ï¼,aisatsu_joke
æµã‚Œæ˜Ÿã¯è¦‹ãˆã¾ã™ã‹ï¼Ÿ,q_keshiki_uchu
æ–°å¹´æ˜ã‘ã¾ã—ã¦ãŠã‚ã§ã¨ã†,aisatsu_hiru
æ–°å¹´ã®æŠ±è² ã¯ï¼Ÿ,kanso_ganbo
ã‚ªãƒ¼ãƒ­ãƒ©ã¯ä½•è‰²ã§ã™ã‹ï¼Ÿ,q_keshiki_tikyu
ç”Ÿã¾ã‚Œã¯ã©ã“ï¼Ÿ,zatsudan_tanjobi
ISSã®äº‹ã©ã†æ€ã†ï¼Ÿ,zatsudan_tomodachi
ä¸€äººã¯å¯‚ã—ã„ã§ã—ã‚‡ã†ã€‚,zatsudan_tomodachi
ãƒœã‚±ãŒç”˜ã„ï¼,aisatsu_aiduchi
ã‚ã‚ŠãŒã¨ã†ã”ã–ã„ã¾ã™,aisatsu_aiduchi
æ„å¤–ã¨ã‚¤ã‚±ãƒ¡ãƒ³ã§ã™ã­ã€‚,aisatsu_kantanshi
ã“ã‚“ã«ã¡ã¯,aisatsu_hiru
ãŠã¯ã‚ˆã†,aisatsu_asa
è¶…æ¥½ã—ãã†ï¼,aisatsu_kantanshi
æ™¯è‰²ã¿ãŸã„,q_keshiki_tikyu
ã©ã‚“ãªæ™¯è‰²ï¼Ÿ,q_keshiki_tikyu
ã©ã‚Œãã‚‰ã„ã®æ™‚é–“ã§é€šä¿¡ã§ãã‚‹ã®ï¼Ÿ,q_01_tsushin
åœ°çƒã¨è¡›æ˜Ÿã®è·é›¢ã¯ï¼Ÿ,q_01_kido
ä½•ãŒè¦‹ãˆã‚‹ï¼Ÿ,q_keshiki_uchu
ç§ã‚‚é€£ã‚Œã¦ã£ã¦ãã ã•ã„ï¼,aisatsu_aiduchi
å®‡å®™ã¯ã©ã†ã ã„ï¼Ÿ,q_keshiki_uchu
è¿‘ãã«ä»–ã®è¡›æ˜Ÿã‚ã‚‹ï¼Ÿ,zatsudan_tomodachi
å¥½ããªé£Ÿã¹ç‰©ã¯ï¼Ÿ,q_konomi
å¥½ããªæ›²ã¯ï¼Ÿ,q_konomi
å¥½ããªè‰²ã¯ï¼Ÿ,q_konomi
ç§ã®è¡—è¦‹ãˆã‚‹ï¼Ÿ,q_keshiki_tikyu
å®‡å®™äººè¦‹ãˆãŸã‚‰æ•™ãˆã¦,zatsudan_tomodachi
ãƒŠã‚¤ã‚¹ï¼,aisatsu_aiduchi
GJï¼,aisatsu_eigo
å¡©å¯¾å¿œã‚­ãƒ„ï¼,aisatsu_aiduchi
æ€§åˆ¥ï¼Ÿ,q_01_shiyo
å®‡å®™ã¯ã©ã‚“ãªæ„Ÿã˜ï¼Ÿ,q_keshiki_uchu
å®‡å®™é£›è¡Œå£«ã¨ãŠå‹é”ã§ã™ã‹,zatsudan_tomodachi
å¥½ãã§ã™,aisatsu_aiduchi
æœ€è¿‘ãƒ•ãƒ©ã‚Œã¾ã—ãŸ(TT),aisatsu_aiduchi
ä½•ã‹é¢ç™½ã„äº‹ã‚ã‚Šã¾ã›ã‚“ã‹,aisatsu_joke
ã¡ã‚ƒã‚“ã¨ã”é£¯ã‚’é£Ÿã¹ã¦ã¾ã™ã‹ï¼Ÿ,q_status_denryoku
ãŠè…¹æ¸›ã‚‰ãªã„ï¼Ÿ,q_status_denryoku
ãŠæ¯ã¡ã‚ƒã‚“ã¯ã€ãã‚“ãªå­ã«è‚²ã¦ãŸè¦šãˆã¯ã‚ã‚Šã¾ã›ã‚“ï¼,kanso_ikari
é¡˜ã„äº‹ã‚’å¶ãˆã¦ãã ã•ã„,kanso_ganbo
ãƒã‚¤ãƒã‚¤ï¼,aisatsu_aiduchi
ãƒãƒ­ãƒ¼,aisatsu_hiru
ã“ã‚“ã«ã¡ã¯,aisatsu_hiru
ã•ã‚ˆã†ãªã‚‰,aisatsu_aiduchi
ã²ã¾ãƒ¼,zatsudan_omikuji
éŠã¼ã†ã‚ˆ,zatsudan_omikuji
ã“ã“è¦‹ãˆã‚‹ï¼Ÿ,q_keshiki_tikyu
ä»Šæ—¥ã¯ä½•ã™ã‚‹ã®ï¼Ÿ,q_01_mission
ä»Šæ—¥ã®å¤©æ°—æ•™ãˆã¦,zatsudan_tenki
æ˜æ—¥ã®å¤©æ°—æ•™ãˆã¦,zatsudan_tenki
æ˜æ—¥æ™´ã‚Œã‚‹ã‹ãª,zatsudan_tenki
ä»Šæ—¥ã¯æ™´ã‚Œã‚‹ã‚ˆã­ï¼Ÿ,zatsudan_tenki
ãƒãƒƒãƒ†ãƒªãƒ¼å……é›»æ®‹é‡ã©ã®ãã‚‰ã„ï¼Ÿ,q_status_denryoku
æ˜æ—¥é›¨é™ã‚‰ãªã„ã¨ã„ã„ãª,zatsudan_tenki
æ”¾å°„ç·šã¯ç—›ã„ã§ã™ã‹,q_status_kibun
ï¼“æ™‚ã«èµ·ã“ã—ã¦,zatsudan_jikan
é€šä¿¡çŠ¶æ…‹ã¯ã©ã†ï¼Ÿ,q_status_tsushin
ä½•ã—ã¦ã‚‹ã®ï¼Ÿ,q_01_mission
å¥½ããªé£Ÿã¹ç‰©ã¯ï¼Ÿ,q_konomi
ä»Šæ—¥ä½•é£Ÿã¹ã‚ˆã†ã‹ãª,q_status_denryoku
ç§ã‚‚å®‡å®™ã«è¡Œã£ã¦ã¿ãŸã„ãª,kanso_ganbo
å¯’ã„ã®ï¼Ÿ,q_status_ondo
æš‘ã„ã®ï¼Ÿ,q_status_ondo
å®‡å®™ã£ã¦çœŸã£æš—ï¼Ÿ,q_keshiki_uchu
åœ°çƒè¦‹ãˆã‚‹ï¼Ÿ,q_keshiki_tikyu
é‡‘ãƒ¡ãƒ€ãƒ«ã€ã‚²ãƒƒãƒˆã€œï¼,zatsudan_tomodachi
èŠ±ç«ã¯è¦‹ãˆã‚‹ï¼Ÿ,q_keshiki_tikyu
è² ã‘ãŸ,zatsudan_tomodachi
æ…°ã‚ã¦,zatsudan_tomodachi
ãŠé‡‘ã»ã—ã„,zatsudan_omikuji
ãŠé‡‘æŒã¡ã«ãªã‚ŠãŸã„,zatsudan_omikuji
ã¯ã‚„ãå®¶ã«å¸°ã‚ŠãŸã„,zatsudan_tomodachi
ãã£ã¡ã¯ã©ã†ï¼Ÿ,q_status_zenpan
ç–²ã‚ŒãŸãƒ¼,kanso_oen
ã‹ã‚ã„ã„ã­,zatsudan_tomodachi
ãã£ã¡ã¯æ¥½ã—ã„ï¼Ÿ,q_status_zenpan
å¯‚ã—ããªã„ã®ï¼Ÿ,q_status_zenpan
ãŠã¯ã‚ˆã†,aisatsu_asa
ãŠé‡‘ãŒã‚ã£ãŸã‚‰ã€ä½•ãŒæ¬²ã—ã„ï¼Ÿ,kanso_ganbo
åœ°çƒã¯é’ã„ï¼Ÿ,q_keshiki_tikyu
å°†æ¥ã®å¤¢ã¯ï¼Ÿ,q_yume
ç›®æ¨™ã¯ã‚ã‚‹ã®ï¼Ÿ,q_01_mission
ã„ã¤å¸°ã£ã¦ãã‚‹ã®ï¼Ÿ,q_01_mission
å¾—æ„ãªç§‘ç›®ã¯ãªã‚“ã§ã™ã‹ï¼Ÿ,q_konomi
ç‰¹æŠ€ã‚’æ•™ãˆã¦,q_konomi
å†™çœŸæ’®ã‚ŒãŸï¼Ÿ,q_01_syashin
å±±,q_keshiki_tikyu
ã‚¤ã‚¨ã‚¹,aisatsu_eigo
ãƒãƒ¼,aisatsu_eigo
è¡ŒããŸã„ã¨ã“ã‚ã¯ã‚ã‚‹ï¼Ÿ,q_yume
å¥½ããªæ˜ ç”»ã¯ï¼Ÿ,q_konomi
ä»Šã®æ°—åˆ†ã¯ï¼Ÿ,q_status_kibun
å®¿é¡Œã—ãŸããªã„,kanso_oen
å¥½ããªè‰²ã¯ï¼Ÿ,q_konomi
ã”è¶£å‘³ã¯ï¼Ÿ,q_konomi
ã©ã“é£›ã‚“ã§ã¾ã™ã‹ï¼Ÿ,q_01_kido
ãƒ­ã‚±ãƒƒãƒˆã®ä¹—ã‚Šå¿ƒåœ°ã¯ã„ã‹ãŒï¼Ÿ,zatsudan_uchu_rocket
æ—¥æœ¬ä¸Šç©ºã§ã™ã‹ï¼Ÿ,q_status_ichi
æµ·ã®ä¸Šã§ã™ã‹ï¼Ÿ,q_status_ichi
ãŒã‚“ã°ã‚Œãƒ¼,kanso_oen
å¿œæ´ã—ã¦ã¾ã™,kanso_oen
ãƒ¡ãƒƒã‚»ãƒ¼ã‚¸å…¥ã‚Œã¾ã—ãŸ,kanso_oen
å¯’ã„ã§ã™ã‹ï¼Ÿ,q_status_ondo
ç†±ã„ã§ã™ã‹ï¼Ÿ,q_status_ondo
æš—ã„ã§ã™ã‹ï¼Ÿ,q_status_zenpan
æ˜ã‚‹ã„ã§ã™ã‹ï¼Ÿ,q_status_zenpan
çœ©ã—ã„ã§ã™ã‹ï¼Ÿ,q_status_zenpan
æœˆã¯è¦‹ãˆã¾ã™ã‹ï¼Ÿ,q_keshiki_uchu
ç«æ˜Ÿã¯è¦‹ãˆã¾ã™ã‹ï¼Ÿ,q_keshiki_uchu
ç™ºé›»ã—ã¦ã„ã¾ã™ã‹ï¼Ÿ,q_status_denryoku
ä½•ãŒè¦‹ãˆã¾ã™ã‹ï¼Ÿ,q_keshiki_uchu
åœ°çƒã¯è¦‹ãˆã¾ã™ã‹ï¼Ÿ,q_keshiki_tikyu
å¥½ããªè¡›æ˜Ÿã¯ï¼Ÿ,q_konomi
ãŠã¯ã‚ˆã†,aisatsu_asa
ãŠã¯ã‚ˆã†ã”ã–ã„ã¾ã™,aisatsu_asa
ã“ã‚“ã°ã‚“ã‚,aisatsu_yoru
ã“ã‚“ã°ã‚“ã¯,aisatsu_yoru
å¥½ããªæ˜Ÿåº§ã¯ï¼Ÿ,q_konomi
ä»Šä½•æ­³ãªã®ï¼Ÿ,zatsudan_tanjobi
æ°—æ¸©ã¯ã©ã‚Œãã‚‰ã„ï¼Ÿ,q_status_ondo
åœ°çƒã®å¤©æ°—ã¯è¦‹ãˆã‚‹ï¼Ÿ,q_keshiki_tikyu
è‹±èªå–‹ã‚Œã‚‹ï¼Ÿ,aisatsu_eigo
ã‚ãªãŸã¯èª°ï¼Ÿ,q_rsp
ãŠç–²ã‚Œæ§˜ã§ã™,kanso_oen
æ˜ã‘ã¾ã—ã¦ãŠã‚ã§ã¨ã†ã”ã–ã„ã¾ã™ã€‚,aisatsu_aiduchi
æ˜æ—¥ã¯éƒ¨åˆ†æ—¥é£ŸãŒã‚ã‚‹ã­ã€‚,aisatsu_aiduchi
ä»Šæ—¥ã¯å¤©æ°—ã‚‚ã„ã„ã‘ã©é¢¨ã‚‚ã¡ã‚‡ã£ã¨å¼·ã„ã€‚,q_status_zenpan
ä»Šã©ã“ã«ã„ã‚‹ã®ï¼Ÿ,q_status_ichi
å®‡å®™ã‹ã‚‰è¦‹ãŸåœ°çƒã£ã¦ã©ã‚“ãªæ„Ÿã˜ï¼Ÿ,q_keshiki_tikyu
å¤œæ™¯ã¯ãã‚Œã„ã§ã™ã‹ï¼Ÿ,q_keshiki_tikyu
ä½•ã‹è©±ã—ã¦,aisatsu_joke
ä»Šæ—¥ã®ä¸€è¨€ã‚’ãã ã•ã„,zatsudan_omikuji
èª•ç”Ÿæ—¥ã¯ï¼Ÿ,zatsudan_tanjobi
å…ƒæ°—ï¼Ÿ,q_status_kibun
ãŠå…ƒæ°—ï¼Ÿ,q_status_kibun
ãŠã¿ãã˜ã²ã„ãŸï¼Ÿ,zatsudan_omikuji
å¤§å‰ã—ã‹ã²ã„ãŸã“ã¨ãªã„ã‚,zatsudan_omikuji
ä»Šæ—¥ã®ãƒ©ãƒƒã‚­ãƒ¼ã‚«ãƒ©ãƒ¼ã¯ï¼Ÿ,zatsudan_omikuji
æ™©å¾¡é£¯ãªã«ã«ã—ã‚ˆã†ã‹ãªï¼Ÿ,zatsudan_tomodachi
åœ°çƒã¯ã©ã†è¦‹ãˆã‚‹ï¼Ÿ,q_keshiki_tikyu
ãŠå‹é”ã¯ã„ã‚‹ï¼Ÿ,zatsudan_tomodachi
é›»åŠ›ã¯ã©ã†ã—ã¦ã‚‹ã®ï¼Ÿ,q_status_denryoku
å¯¿å‘½ã¯ï¼Ÿ,q_status_kikan
æ‚ªã„ã¨ã“ã‚ã¯ã‚ã‚‹ï¼Ÿ,q_status_kibun
å¥½ããªãƒ­ã‚±ãƒƒãƒˆã¯ï¼Ÿ,zatsudan_uchu_rocket
è¦ªã¯ã„ã‚‹ï¼Ÿ,zatsudan_tomodachi
ç”Ÿã¾ã‚Œå¤‰ã‚ã£ãŸã‚‰ä½•ã«ãªã‚ŠãŸã„ï¼Ÿ,q_yume
ä»Šæ—¥ã¯å¤©æ°—ãŒã„ã„ã‹ã‚‰ã€ä¸€æ™‚é–“è¿‘ãå¤–ã‚’æ­©ã„ã¦ããŸã‚ˆã€‚,zatsudan_tomodachi
ãã†ã„ãˆã°å›ã«åå‰ã¯ã‚ã‚‹ã®ï¼Ÿ,q_01_mission
ä»Šä½•æ™‚ï¼Ÿ,zatsudan_jikan
ã©ã‚“ãªéŸ³æ¥½ãŒå¥½ãï¼Ÿ,q_konomi
å¥½ããªè‰²ã¯ï¼Ÿ,q_konomi
é¡˜ã„äº‹ã¯ã„ãã¤ã‚ã‚‹ã®ï¼Ÿ,q_01_mission
å‘¨å›è»Œé“ã¯ï¼Ÿ,q_01_kido
ç–²ã‚ŒãŸã€åŠ±ã¾ã—ã¦ï¼,zatsudan_tomodachi
ãŠè…¹ã™ã„ãŸï¼Ÿ,q_status_denryoku
ã“ã‚“ã«ã¡ã¯,aisatsu_hiru
ç–²ã‚ŒãŸã‚ˆãƒ‘ãƒˆãƒ©ãƒƒã‚·ãƒ¥,aisatsu_aiduchi
æ˜ŸãŒç¶ºéº—ï¼Ÿ,q_keshiki_uchu
ä»Šã©ã‚“ãªæ„Ÿã˜ï¼Ÿ,q_status_kibun
ãªã‚“ã§ã‚„ã­ã‚“ï¼,zatsudan_tomodachi
åœ°çƒã¯å¯’ã„ã‚ˆ,zatsudan_tenki
è¿‘ãã«èª°ã‹ã„ã‚‹ï¼Ÿ,zatsudan_tomodachi
éŠ€æ²³é‰„é“ã¯è¦‹ãˆã‚‹ï¼Ÿ,zatsudan_tomodachi
ä»Šä½•æ™‚ï¼Ÿ,zatsudan_jikan
ã¯ã˜ã‚ã¾ã—ã¦,aisatsu_aiduchi
ãƒªãƒ¼ãƒãƒ³ã‚µãƒƒãƒˆæœ€é«˜ãƒ¼ï¼,kanso_home
ã¾ã¶ã—ã„,zatsudan_tenki
çœ ã„ã‚ˆã€œ,zatsudan_tomodachi
ã“ã‚“ã°ã‚“ã¯,aisatsu_yoru
ãŠã¯ã‚ˆã†,aisatsu_asa
ä»•äº‹çµ‚ã‚ã£ãŸ,zatsudan_tomodachi
é–‹ç™ºã¯ã¤ã‚‰ã‹ã£ãŸï¼Ÿ,q_rsp
ã†ã¾ãå‹•ã„ã¦ã‚‹ï¼Ÿ,q_01_mission
å¤œæ™¯ã¯è¦‹ãˆã‚‹ï¼Ÿ,q_keshiki_uchu
ãŠãƒ¼ã„ãƒ–ãƒ©ã‚¸ãƒ«ã®äºº,aisatsu_joke
ä»Šæ—¥ã¯å¯’ã„ã­,q_status_ondo
ç§ã®å†™çœŸæ’®ã£ã¦ï¼,q_01_syashin
ãã®ã†ã¡ã‚«ãƒ¼ã‚ºã¯è€ƒãˆã‚‹ã®ã‚’ã‚„ã‚ãŸ,aisatsu_aiduchi
å¯‚ã—ããªã„ï¼Ÿ,zatsudan_tomodachi
å¿œæ´ã—ã¦ã¾ã™,kanso_oen
ãŠèŒ¶é£²ã‚“ã§ãƒ›ãƒƒã¨ã—ãŸã„,zatsudan_tomodachi
åœ°çƒã‹ã‚‰è¦‹ãˆã‚‹ã‹ãªï¼Ÿ,q_keshiki_tikyu
ã‚·ã‚ºãƒ«æ„Ÿã®ã‚ã‚‹å†™çœŸãƒ—ãƒªãƒ¼ã‚º,q_01_syashin
èª¿å­ã¯ã©ã†ï¼Ÿ,q_status_kibun
ä»Šã©ã“ã«ãŠã‚‹ã‚“ï¼Ÿ,q_status_ichi
åœ°çƒã¯ãã‚Œã„ã§ã™ã‹ï¼Ÿ,q_keshiki_tikyu
è‰²ã‹ã‚‰éŸ³ã‚’æ„Ÿã˜ã‚‹ã®ã¨ã€éŸ³ã‹ã‚‰è‰²ã‚’æ„Ÿã˜ã‚‹ã®ã€ã©ã£ã¡ã®æ–¹ãŒå¾—æ„ï¼Ÿ,zatsudan_tomodachi
å¤ªé™½ã¯ã©ã‚“ãªæ§˜å­ï¼Ÿ,q_keshiki_uchu
åœ°çƒã¯å…ƒæ°—ãã†ï¼Ÿ,q_keshiki_tikyu
å®‡å®™äººã¯ã„ã‚‹ï¼Ÿ,zatsudan_tomodachi
æµæ˜Ÿã«ãªã£ã¦ã»ã—ã„,zatsudan_tomodachi
ã„ã¾ã©ã“ï¼Ÿ,q_status_ichi
ä»Šä½•æ™‚ï¼Ÿ,zatsudan_jikan
ãŠã¯ã‚ˆã†ï¼,aisatsu_asa
ãŸã ã„ã¾ï¼,aisatsu_aiduchi
ãŠã¨ãè©±ãŒèããŸã„,zatsudan_tomodachi
é¢ç™½ã„è©±ã—ã¦,aisatsu_joke
ã‚¸ãƒ§ãƒ¼ã‚¯è¨€ã£ã¦,aisatsu_joke
ãŠãªã‹ã™ã„ãŸ,zatsudan_tomodachi
é›»æ°—ã‚°ãƒ«ãƒ¼ãƒ´ã¯çŸ³é‡å“çƒã¨ã‚‚ã†ä¸€äººã¯ï¼Ÿ,zatsudan_tomodachi
åºƒå ±éƒ¨ã®æ–°å¹´ä¼šãŒçµ‚ã‚ã‚Šã¾ã—ãŸã€‚,zatsudan_tomodachi
æš‘ããªã„ï¼Ÿ,q_status_ondo
æš—ããªã„ï¼Ÿ,q_status_zenpan
å¯’ããªã„ï¼Ÿ,q_status_ondo
ãªã‚“ã ã‹ç–²ã‚Œã¡ã‚ƒã£ãŸ,zatsudan_tomodachi
å¯’ã„ã€œ,q_status_ondo
å¿ƒãŒãŠã‚ŒãŸâ€¦,zatsudan_tomodachi
å®‡å®™ã«ã„ããŸã„,kanso_ganbo
æ˜æ—¥æ™´ã‚Œã‚‹ã‹ãªï¼Ÿ,zatsudan_tenki
ã„ã¾ã®æ°—åˆ†ã¯ï¼Ÿ,q_status_kibun
åœ°çƒã«ã¤ã„ã¦ä¸€è¨€!,q_keshiki_tikyu
ã•ã‚€ã„ã‚ˆï½((( ï¼›ï¾ŸĞ”ï¾Ÿ))),zatsudan_tenki
è¿”ä¿¡ã¾ã ãƒ¼ãƒ¼ï¼Ÿ,kanso_ikari
å®‡å®™ã£ã¦ã©ã‚“ãªã¨ã“ï¼Ÿ,q_keshiki_uchu
where are you?,q_status_ichi
ãŠã¯ã‚ˆã† #å®‡å®™ #è¡›æ˜Ÿ,aisatsu_asa
æµæ˜Ÿç¾¤ã‚­ãƒ¬ã‚¤ã ã£ãŸã­,q_keshiki_uchu
å…ƒæ°—ï¼Ÿ,q_status_kibun
ã“ã‚Œã¯ä¸€äººã®äººé–“ã«ã¨ã£ã¦ã¯å°ã•ãªä¸€æ­©ã ãŒäººé¡ã«ã¨ã£ã¦ã¯å‰å¤§ãªé£›èºã§ã‚ã‚‹ ğŸ˜,zatsudan_uchu_meigen
ok! selfish ä»Šæ—¥ã®å¤©æ°—ã‚’æ•™ãˆã¦,zatsudan_tenki
ãŠã™ã™ã‚ã®ãƒ†ãƒ¬ãƒ“ç•ªçµ„ã¯ï¼Ÿ,q_konomi
ã‚µãƒ©ãƒªãƒ¼ãƒãƒ³è¡›æ˜Ÿ0å·æ©Ÿã«æ¬¡ãåˆå·æ©Ÿã®æ‰“ã¡ä¸Šã’æˆåŠŸ,kanso_oen
æ‰“ã¡ä¸Šã’æˆåŠŸãŠã‚ã§ã¨ã†ã”ã–ã„ã¾ã™ï¼,kanso_oen
#selfishã‹ã‚‰è¿”äº‹è¿”ã£ã¦ããŸ!,kanso_oen
selfishã¯ä½•æ­³ã§ã™ã‹ï¼Ÿ,zatsudan_tanjobi
è¡›æ˜Ÿä½œã£ã¦ã¿ãŸã„!,kanso_ganbo
ä»Šæ—¥ã¯ã“ã¡ã‚‰ã¯æ›‡ã£ã¦ã„ã¾ã™ã€‚ãã¡ã‚‰ã¯ã©ã†ã§ã™ã‹ï¼Ÿ,zatsudan_tenki
ãŠã¯ã‚ˆã†ã”ã•ã„ã¾ã£ã™,aisatsu_asa
æ—¥é£Ÿè¦‹ãˆãŸï¼Ÿ,q_keshiki_uchu
æ¬¡ã®æ—¥é£Ÿã¯ã„ã¤ï¼Ÿ,q_keshiki_uchu
(Ï_-)ãƒ ã‚ªãƒãƒ¨,aisatsu_asa
ä½•ãŒã§ãã‚‹ã®ï¼Ÿ,q_01_mission
ä½ å¥½,aisatsu_hiru
Helloï¼,aisatsu_eigo
Helloâ—ï¸,aisatsu_eigo
ãƒ“ãƒ¼ãƒ«é£²ã¿ãŸã„,aisatsu_aiduchi
ãŠåå‰ã¯ï¼Ÿ,q_01_shiyo
æš‘ã„,q_status_ondo
ãŠã¯ã‚ˆã†ã¡ã‚ƒã‚“â—ï¸,aisatsu_asa
ä»Šã©ã®è¾ºé£›ã‚“ã§ã‚‹ã®ï¼Ÿ,q_status_ichi
ã“ã‚“ã°ã‚“ã¯,aisatsu_yoru
å…ƒæ°—ã§ã™ã‹ï¼Ÿ,q_status_kibun
ã¤ã‹ã‚ŒãŸ,aisatsu_aiduchi
åå‰è¨€ã£ã¦â—,q_01_shiyo
ã“ã‚“ã«ã¡ã‚,aisatsu_hiru
ä»Šã©ã®è¾ºã‚’é£›ã‚“ã§ã„ã¾ã™ã‹ï¼Ÿ,q_status_ichi
ä½•ãŒè¦‹ãˆã¾ã™ã‹ï¼Ÿ,q_keshiki_uchu
ä¸€äººã§å¯‚ã—ããªã„ã§ã™ã‹ï¼Ÿ,zatsudan_tomodachi
å¤œã¯çœŸã£æš—ãªã‚“ã§ã™ã‹ï¼Ÿ,q_keshiki_uchu
å®‡å®™ã£ã¦æš‘ã„ã‚“ã§ã™ã‹ï¼Ÿ,q_status_ondo
å®‡å®™ã£ã¦å¯’ã„ã‚“ã§ã™ã‹ï¼Ÿ,q_status_ondo
ãã‚‹ãã‚‹å›è»¢ã—ã¦æ°—æŒã¡æ‚ªããªã‚‰ãªã„ã§ã™ã‹ï¼Ÿ,q_01_shisei
ãƒ­ã‚±ãƒƒãƒˆã®ä¹—ã‚Šå¿ƒåœ°ã¯ã©ã†ã§ã—ãŸã‹ï¼Ÿ,zatsudan_uchu_rocket
å®‡å®™ã«æ¥ã¦å¾Œæ‚”ã—ã¦ãªã„ã§ã™ã‹ï¼Ÿ,q_status_kibun
ãƒœãƒ¼ã£ã¨ç”Ÿãã¦ã‚“ã˜ã‚ƒã­ãƒ¼ã‚ˆï¼,kanso_ikari
ã‚ã‘ã¾ã—ã¦ãŠã‚ã§ã¨ã†ã”ã–ã„ã¾ã™ã€‚,aisatsu_hiru
ã‚ã‘ãŠã‚ï¼,aisatsu_hiru
ä½•ãŒè¦‹ãˆã¦ã‚‹ãƒ¼ï¼Ÿ,q_keshiki_uchu
ä»Šã ã‹ã‚‰è¨€ãˆã‚‹ã“ã¨ã£ã¦ã‚ã‚Šã¾ã™ã‹ï¼Ÿ,zatsudan_uchu_meigen
ã‚ãªãŸã¯ç”·ã®å­ï¼Ÿå¥³ã®å­ï¼Ÿ,q_01_shiyo
ãã‚Œã§ã‚‚ç”·ã§ã™ã‹ã€è»Ÿå¼±è€…!!,kanso_ikari
ãƒ¬ã‚¹ãƒãƒ³ã‚¹é…ã„ã‚ˆï¼,kanso_ikari
ãƒ¬ã‚¹ãƒãƒ³ã‚¹æ—©ã„ï¼,kanso_home
ã‚„ã‚‹ã˜ã‚ƒã‚“,kanso_oen
ã„ã‚„ã€ãã®ç†å±ˆã¯ãŠã‹ã—ã„ã€‚,aisatsu_aiduchi
ãŠã‚ã§ã¨ã†ï¼,kanso_oen
ä»Šã©ã‚“ãªæ°—åˆ†ã§ã™ã‹ï¼Ÿ,q_status_kibun
å®‡å®™ã«æ¥ã¦ã©ã‚Œä½ãŸã¡ã¾ã—ãŸã‹ï¼Ÿ,q_status_kikan
ã‚ã‚ŠãŒã¨ã†ï¼,kanso_oen
ã©ã†ã„ãŸã—ã¾ã—ã¦ã€‚,aisatsu_aiduchi
å°é¢¨ã®å†™çœŸã‚’é€ã£ã¦ä¸‹ã•ã„ã€‚,q_01_syashin
ã‚ªãƒ¼ãƒ­ãƒ©ã®å†™çœŸã‚’é€ã£ã¦ä¸‹ã•ã„ã€‚,q_01_syashin
ã»ã‚“ã®ã‚¸ãƒ§ãƒ¼ã‚¯ã§ã™ã€‚,aisatsu_joke
ãƒ­ãƒ¼ãƒãƒ¼ã¨é€šä¿¡ã—ãŸã‚“ã§ã™ã‹ï¼Ÿ,q_status_tsushin
æ—¥æœ¬ä¸Šç©ºã§å†™çœŸæ’®ã£ã¦ï¼,q_01_syashin
ç„¡æ§˜ã­,kanso_ikari
å¤§ä¸ˆå¤«ã§ã™ã‹ï¼Ÿ,q_status_kibun
ãŠæ°—ã«å…¥ã‚Šã¯ã©ã“ã§ã™ã‹ï¼Ÿ,q_konomi
ã‚ã‚Šãˆã‚“ã‚,kanso_ikari
ä½•è¨€ã£ã¦ã‚‹ã‚“ã§ã™ã‹ï¼Ÿ,kanso_ikari
ã‚ã‚“ãŸãƒã‚«ï¼Ÿ,kanso_ikari
ãªã‚“ã‚„ã­ã‚“,kanso_ikari
ã„ã„åŠ æ¸›ã«ã—ãªã•ã„,kanso_ikari
é»™ã‚Œï¼,kanso_ikari
é»™ã£ã¦ã‚ï¼,kanso_ikari
ãƒã‚¤ãƒã‚¤,aisatsu_aiduchi
æ®‹å¿µã§ã™,kanso_ikari
æœ€è¿‘ã©ãƒ¼ã‚ˆï¼Ÿ,q_status_kibun
ã¤ã¾ã‚“ã­,kanso_ikari
èª•ç”Ÿæ—¥ãŠã‚ã§ã¨ã†ï¼,zatsudan_tanjobi
èª•ã‚ªãƒ¡ï¼,zatsudan_tanjobi
ä»Šä½•ã‹æ¬²ã—ã„ã‚‚ã®ã‚ã‚Šã¾ã™ã‹ï¼Ÿ,q_konomi
ã‚­ã‚¿ã‚³ãƒ¬ï¼,kanso_home
ãŠã£ã™ï¼,aisatsu_hiru
ã†ãƒã£ã™ï¼,aisatsu_hiru
å’è«–é–“ã«åˆã‚ãªã‹ã£ãŸ,zatsudan_tomodachi
ç¬‘ãˆãªã„,kanso_ikari
ãƒ‹ãƒ¼ãƒˆæ±ºå®šw,zatsudan_tomodachi
ã‚ã‘ã‚ã‹ã‚‰ã‚“,kanso_ikari
ã¤ã¾ã‚“ã­,kanso_ikari
æœŸå¾…ãƒã‚ºãƒ¬ã ã‚,kanso_ikari
ãˆã‚‰ã„ã­ï¼,kanso_home
å†…éƒ¨æ¸©åº¦ã‚’æ•™ãˆã¦ä¸‹ã•ã„,q_status_ondo
ãƒãƒƒãƒ†ãƒªãƒ¼çŠ¶æ…‹ã‚’æ•™ãˆã¦ä¸‹ã•ã„,q_status_denryoku
A dream you dream alone is only a dream. A dream you dream together is reality.,zatsudan_uchu_meigen
ã²ã¨ã‚Šã§è¦‹ã‚‹å¤¢ã¯ãŸã ã®å¤¢ã€ã¿ã‚“ãªã§è¦‹ã‚‹å¤¢ã¯ç¾å®Ÿã«ãªã‚‹ã€‚,zatsudan_uchu_meigen
åƒ•ã®è¨€ã†ã“ã¨ãªã‚“ã¦ã€åŠåˆ†ã¯æ„å‘³ã‚‚ãªã„ã€‚ãŸã å›ã¨ç¹‹ãŒã‚ŠãŸãã¦è©±ã—ã¦ã„ã‚‹ã‚“ã ã€‚,zatsudan_uchu_meigen
ã‚‚ã—ä»Šæ—¥ãŒäººç”Ÿæœ€å¾Œã®æ—¥ã ã¨ã—ãŸã‚‰ã€ä»Šã‚„ã‚ã†ã¨ã—ã¦ã„ã‚‹ã“ã¨ã¯ æœ¬å½“ã«è‡ªåˆ†ã®ã‚„ã‚ŠãŸã„ã“ã¨ã ã‚ã†ã‹ï¼Ÿ,zatsudan_uchu_meigen
If today were the last day of my life would I want to do what I'm about to do today.,zatsudan_uchu_meigen
å®‡å®™å¥½ãï¼Ÿ,q_konomi
å¥½ããªé£Ÿã¹ã‚‚ã®ã¯ï¼Ÿ,q_konomi
å¥½ããªè‰²ã¯ï¼Ÿ,q_konomi
500ä»¶è¿‘ã„ãƒ‡ãƒ¼ã‚¿ã‚’ã‚‚ã‚‰ã£ãŸãã†ã ã­ï¼ã™ã”ã„ã­ï¼,kanso_home
ãŠï¼è¿”ç­”ãŒå¤‰ã‚ã£ã¦ã‚‹ã­ï¼,kanso_home
ã€Œå—ã‘å–ã£ãŸã€ã ã‘ã‹(ç¬‘),kanso_ikari
ä»Šæ—¥ã®ä½“èª¿ã¯ï¼Ÿ,q_status_kibun
ã“ã‚“ã°ã‚“ã¯ã€‚ä»Šæ—¥ã¯ã„ã¤ã‚‚ã‚ˆã‚Šã‚‚æš–ã‹ã„ã‚ˆã€‚é›ªã‚‚é™ã£ã¦ãªã„ã€‚,zatsudan_tenki
ã“ã‚“ã«ã¡ã¯ã€‚,aisatsu_hiru
ä»Šã©ã“ã«ã„ã‚‹ã®ï¼Ÿ,q_status_ichi
å®‡å®™ã«æ¥ã¦ä½•æ—¥ç›®ï¼Ÿ,q_status_kikan
ä»Šä½•åº¦ï¼Ÿ,q_status_ondo
å†™çœŸæ’®ã£ã¦,q_01_syashin
æ—¥æœ¬ä¸Šç©ºã«æ¥ãŸã‚‰ã€æ•™ãˆã¦,kanso_ganbo
å¸°ã£ã¦ãã‚‹ã®ï¼Ÿ,q_status_kikan
ã²ã¾,zatsudan_tomodachi
å¤ªé™½å…‰ãƒ‘ãƒãƒ«ã§ã©ã®ãã‚‰ã„ç™ºé›»ã—ã¦ã‚‹ã®ï¼Ÿ,q_status_denryoku
æš‘ã„,zatsudan_tenki
å®‡å®™ã‚‚å¯’ã„ã®ï¼Ÿ,q_status_ondo
ã¤ãã°ã¯å¯’ã„ã‚ˆ,zatsudan_tenki
ä»Šæ—¥ã®é‹å‹¢ãŠã—ãˆã¦ï¼,zatsudan_omikuji
ãŠè‚‰ã¨ãŠé­šã©ã£ã¡ãŒå¥½ãï¼Ÿ,q_konomi
ä»Šæ—¥ã®ãƒ©ãƒƒã‚­ãƒ¼ã‚«ãƒ©ãƒ¼ãŠã—ãˆã¦ï¼,zatsudan_omikuji
ä»Šæ—¥ã®ãƒ©ãƒƒã‚­ãƒ¼ã‚¢ã‚¤ãƒ†ãƒ ã¯ï¼Ÿ,zatsudan_omikuji
å‡ºä¼šã„ãŒã»ã—ã„ï¼,zatsudan_tomodachi
å¯’ããªã‚Šã¾ã—ãŸã­ã‡,zatsudan_tenki
æš‘ããªã‚Šã¾ã—ãŸã­ã‡,zatsudan_tenki
ãŠå…ƒæ°—ãã†ã§ã™ã­,aisatsu_aiduchi
ã‚¢ãƒç„¡ç·šçš„ã«å¤§ä¸ˆå¤«ï¼Ÿ,q_status_tsushin
ã‚¢ãƒãƒãƒ¥ã‚¢ç„¡ç·šçš„ã«Tiwtterã¨ã‹å¤§ä¸ˆå¤«ãªã‚“ã§ã†ã‹ï¼Ÿ,q_status_tsushin
ä»Šæ—¥å¯’ããªã„ï¼Ÿ,zatsudan_tenki
å®‡å®™ã¯ç¶ºéº—ï¼Ÿ,q_keshiki_uchu
åœ°çƒã¯é’ã„ï¼Ÿ,q_keshiki_tikyu
å¤ªé™½ã¯ã‚ã¤ã„ï¼Ÿ,q_status_ondo
å®‡å®™ã¯å¯’ã„ï¼Ÿ,q_status_ondo
æ‰‹æŒ¯ã£ã¦ã‚‹ã®è¦‹ãˆã‚‹ï¼Ÿ,q_keshiki_tikyu
äººé–“ã¯å°ã•ã„ï¼Ÿ,q_keshiki_tikyu
æœˆã¾ã§ã¯ã©ã‚Œãã‚‰ã„ï¼Ÿ,q_keshiki_uchu
botã®å‹é”ã¯ã„ã‚‹ï¼Ÿç´¹ä»‹ã—ã¦ï¼,zatsudan_tomodachi
ãŠã¿ãã˜ä¸­å‰ã‚„ã£ãŸã‘ã©ãƒ“ãƒŸãƒ§ãƒ¼,zatsudan_omikuji
æ–œã‚ä¸Šã‚’è¡Œããƒ¡ãƒƒã‚»ãƒ¼ã‚¸ã‚’ä¸‹ã•ã„,zatsudan_tomodachi
å®‡å®™ã£ã¦åºƒã„ï¼Ÿ,q_keshiki_uchu
ç£æ°—ãƒˆãƒ«ã‚«ã£ã¦ä½•ï¼Ÿ,q_01_shisei
ã„ã¤å¸°ã£ã¦ãã‚‹ï¼Ÿ,q_status_kikan
ã‚“ã¡ã‚ƒï¼,aisatsu_hiru
ã©ã‚“ãªé€šä¿¡ã—ã¦ã‚‹ã®ï¼Ÿ,q_status_tsushin
ãƒªãƒ¼ãƒãƒ³ã‚µãƒƒãƒˆã«ã¤ã„ã¦æ•™ãˆã¦,q_rsp
ã™ãï¼,kanso_oen
çµå©šã—ã¦,kanso_oen
å¥½ããªäººã„ã‚‹ï¼Ÿ,q_konomi
ãƒ¢ãƒ†ã‚‹ï¼Ÿ,q_konomi
æ¨ã—ã¦ã¾ã™,kanso_oen
å¯’ã„,zatsudan_tenki
ã„ã¤ã€æ‰“ã¡ä¸ŠãŒã‚‹ã®â“,q_status_kikan
ä½•å¹´ã®ä½•æœˆã«â“,q_status_kikan
ã„ã¾ã®é«˜åº¦ã¯,q_status_ichi
æš‘ã•,q_status_ondo
å¯’ã•,q_status_ondo
ãŠã¯ã‚ˆã†,aisatsu_asa
ãŠã‚„ã™ã¿,aisatsu_yoru
ã‚ã£ã¤ã„ã®ï¼Ÿã•ã£ã‚€ã„ã®ï¼Ÿ,q_status_ondo
ä½•ãŒã§ãã‚‹ã®ï¼Ÿ,q_01_mission
å°é¢¨è¦‹ãˆã‚‹ï¼Ÿ,q_keshiki_tikyu
å°é¢¨è¦‹ãˆã‚‹ï¼Ÿ,q_keshiki_tikyu
ã“ã‚“ã«ã¡ã¯ï¼å®‡å®™ã¯å¯’ã„ã§ã™ã‹ï¼Ÿæš‘ã„ã§ã™ã‹ï¼Ÿ,q_status_ondo
ç©ºã‹ã‚‰ã¯ã©ã‚“ãªæ™¯è‰²ãŒè¦‹ãˆã¦ã„ã¾ã™ã‹ï¼Ÿ,q_keshiki_uchu
åœ°çƒã¯ã©ã‚Œãã‚‰ã„å¤§ãã„ã§ã™ã‹ï¼Ÿ,q_keshiki_tikyu
æ—…ã¯é †èª¿ã§ã™ã‹ï¼Ÿ,q_status_kibun
ãŠã¯ã‚ˆã†ï¼,aisatsu_asa
ä»Šæ—¥ã®æ°—åˆ†ã¯ï¼Ÿ,q_status_kibun
å®‡å®™ã«æ¥ã¦ä½•æ—¥ç›®ã‹ãªï¼Ÿ,q_status_kikan
ã‚«ãƒƒã‚³ã„ã„ã­ã€‚,kanso_home
ä½•ãŒè¦‹ãˆã‚‹ï¼Ÿ,q_keshiki_uchu
ãŠã¯ã‚ˆã†,aisatsu_asa
ã“ã‚“ã«ã¡ã¯,aisatsu_hiru
ã“ã‚“ã°ã‚“ã¯,aisatsu_yoru
å…ƒæ°—ï¼Ÿ,q_status_kibun
ä¼šãˆã¦å¬‰ã—ã„ã‚ˆ^_^,aisatsu_kantanshi
å¤§åˆ‡ãªã‚‚ã®ã¯ä½•ã‹ãªï¼Ÿ,q_yume
ã‚ã‚ŠãŒã¨ã†ã€‚,aisatsu_kantanshi
æ„Ÿè¬ã—ã¦ã„ã‚‹ã‚ˆã€‚,aisatsu_kantanshi
ãƒãƒƒãƒ”ãƒ¼ã ã‚ˆ,aisatsu_kantanshi
ã¾ãŸä¼šãŠã†ã€‚,aisatsu_kantanshi
æœ€é«˜ã ã­ã€‚,aisatsu_kantanshi
åœ°çƒã‹ã‚‰ã©ã‚Œãã‚‰ã„ã®ã¨ã“ã‚ã«ã„ã‚‹ã®ï¼Ÿ,q_status_ichi
æ¥½ã—ã„ã­ã€‚,aisatsu_kantanshi
ä»Šæ—¥ã‚‚ç´ æ™´ã‚‰ã—ã„æ—¥ã ã‚ˆã€‚,aisatsu_kantanshi
May The Force Be With You.,zatsudan_uchu_meigen
Iâ€™m happy.,aisatsu_kantanshi
Nice to see you again.,aisatsu_kantanshi
ä»Šã®æ¸©åº¦ã¯ï¼Ÿ,q_status_ondo
å°é¢¨è¦‹ãˆã‚‹ï¼Ÿ,q_keshiki_tikyu
ä½ å¥½,aisatsu_aiduchi
Good morning!,aisatsu_asa
æ˜Ÿã¯ç¶ºéº—ã«è¦‹ãˆã¾ã™ã‹ï¼Ÿ,q_keshiki_uchu
å­¤ç‹¬ã§ã¯ãªã„ã§ã™ã‹ï¼Ÿ,q_status_kibun
ãŠçˆ¶ã•ã‚“ã¯èª°ã§ã™ã‹ï¼Ÿ,q_rsp
ä»Šæ—¥èª•ç”Ÿæ—¥ã§ã™ï¼,zatsudan_tanjobi
æ¯æ—¥ãŠç–²ã‚Œæ§˜ã€‚,kanso_oen
æ˜Ÿã¯è¦‹ãˆã¾ã™ã‹ï¼Ÿ,q_keshiki_uchu
ä½•ãŒè¦‹ãˆã‚‹ï¼Ÿ,q_keshiki_uchu
åœ°çƒã¯é’ã„ã§ã™ã‹ï¼Ÿ,q_keshiki_tikyu
åŒ—æµ·é“ã§ã¯ã€æ°—æ¸©ãŒ20â„ƒã‚’ä¸‹å›ã£ã¦ãŠã‚Šå¯’ã„ã§ã™ï¼,zatsudan_tenki
äººå£è¡›æ˜Ÿé–‹ç™ºã€é ‘å¼µã£ã¦ä¸‹ã•ã„ï¼,kanso_oen
ã„ã¾ã©ã“ï¼Ÿ,q_status_ichi
ã™ãã§ã™ã€‚,aisatsu_kantanshi
æ¯æ—¥æš‘ã„ã§ã™ãŒã€å…ƒæ°—ã§ã™ã‹ï¼Ÿ,q_status_kibun
åœ°çƒã®æ§˜å­ã¯ã©ã†ï¼Ÿ,q_keshiki_tikyu
å®‡å®™ã§é£²ã‚€é£²ã¿ç‰©ã¯ä½•ãŒã„ã„ã§ã™ã‹ï¼Ÿ,aisatsu_aiduchi
ãã¡ã‚‰ã‹ã‚‰ã®æ™¯è‰²ã¯ã©ã†ã§ã™ã‹ï¼Ÿ,q_keshiki_uchu
åœ°çƒã‚’è¦‹ãŸæ„Ÿæƒ³ã‚’æ•™ãˆã¦ãã ã•ã„,q_keshiki_tikyu
å®‡å®™ã¯ã©ã‚“ãªã¨ã“ã‚ã§ã™ã‹ï¼Ÿ,q_keshiki_uchu
ã„ã¾ã©ã“ï¼Ÿ,q_status_ichi
å®‡å®™ã«ç€ã„ãŸæ„Ÿæƒ³ã‚’æ•™ãˆã¦ä¸‹ã•ã„ï¼,q_keshiki_uchu
åœ°çƒã®æˆ‘ã€…ã«å‘ã‘ã¦ä¸€è¨€ãŠé¡˜ã„ã—ã¾ã™ï¼,zatsudan_omikuji
å¤§å¥½ãã ã‚ˆãƒ¼,aisatsu_kantanshi
ãã®ã†ã¯ã‚ˆãçœ ã‚ŒãŸï¼Ÿ,q_status_zenpan
ãã¡ã‚‰ã‹ã‚‰è¦‹ãŸåœ°çƒã¯ã©ã†ã§ã™ã‹ï¼Ÿ,q_keshiki_tikyu
å®‡å®™ã‹ã‚‰è¦‹ãŸåœ°çƒã¯ã©ã†ã§ã™ã‹ï¼Ÿ,q_keshiki_tikyu
ç§ãŒè¦‹ãˆã¾ã™ã‹ï¼Ÿ,q_keshiki_tikyu
ä»Šåœ°çƒã®ã©ã“ãŒè¦‹ãˆã¦ã„ã¾ã™ã‹,q_keshiki_tikyu
æ—¥æœ¬ã®æ˜æ—¥ã®ãŠå¤©æ°—ã¯ã‚ã‹ã‚Šã¾ã™ã‹ï¼Ÿ,zatsudan_tenki
ã”é£¯é£Ÿã¹ãŸï¼Ÿ,q_status_denryoku
ç›®ã¾ã‚ã‚‰ãªã„ï¼Ÿ,q_01_shisei
å®‡å®™ã¯æ¥½ã—ã„ã§ã™ã‹ï¼Ÿ,q_status_kibun
æœˆè¦‹ãˆã‚‹ï¼Ÿ,q_keshiki_uchu
ä»Šæ—¥ã§ä½•æ—¥ç›®ï¼Ÿ,zatsudan_jikan
åœ°çƒã¯é’ã„ã‹ã„ï¼Ÿ,q_keshiki_tikyu
ã„ã¤ã‹ã‚‰ãã“ã«ã„ã‚‹ã®ï¼Ÿ,zatsudan_jikan
ã„ã¤å¸°ã£ã¦ãã‚‹ã®ï¼Ÿ,zatsudan_jikan
å¸°ã£ã¦ã“ãªã„ã®ï¼Ÿ,zatsudan_jikan
ãŠè…¹ã™ã‹ãªã„ã®ï¼Ÿ,q_status_denryoku
æ˜æ—¥ã¯æ™´ã‚Œã‚‹ã‹ãªï¼Ÿ,zatsudan_tenki
æš‘ã„,q_status_ondo
ä»Šæ—¥ã®åœ°çƒã¯ï¼Ÿ,q_keshiki_tikyu
å†™çœŸæ’®ã£ã¦,q_01_mission
ã‚¢ãƒ¼ãƒ ä¼¸ã°ã—ã¦,q_01_mission
ä»Šã©ã“ï¼Ÿ,q_status_ichi
ä»Šã©ã“ï¼Ÿ,q_status_ichi
ãŠè…¹ã™ã„ãŸï¼Ÿ,q_status_denryoku
å‹é”ã§ããŸã‹ã„ï¼Ÿ,zatsudan_tomodachi
ä»Šæ—¥ã‚‚åœ°çƒã¯ç¾ã—ã„ã§ã™ã‹ï¼Ÿ,q_keshiki_tikyu
èª¿å­ãŒã‚ã‚‹ã„æ™‚ã¯ã‚ã‚Šã¾ã™ã‹ï¼Ÿ,q_status_kibun
å°é¢¨ã¯ã„ã¤æ¥ã‚‹ã®,zatsudan_tenki
ä»Šæœã¯é›¨ãŒé™ã‚Šã¾ã—ãŸã€‚,zatsudan_tenki
ãŠã¯ã‚ˆã†ã‹ã‚‰ãŠã‚„ã™ã¿ã¾ã§,aisatsu_asa
ãã¡ã‚‰ã¯ä½•è»Œé“ï¼Ÿ,q_01_kido
å‹é”ã¯ã§ããŸã‹ã„ï¼Ÿ,zatsudan_tomodachi
ç›®ã¾ã‚ã£ã¦ãªã„ã‹ã„ï¼Ÿ,q_01_shisei
å®‡å®™ã®æ™¯è‰²ã¯ã©ã†ã§ã™ã‹ï¼Ÿ,q_keshiki_uchu
å®‡å®™ã®æ™¯è‰²ã‚’æ•™ãˆã¦,q_keshiki_uchu
ä½•ãŒè¦‹ãˆã‚‹ï¼Ÿ,q_keshiki_uchu
æš—ããªã„ï¼Ÿ,zatsudan_tenki
å¯‚ã—ããªã„ï¼Ÿ,zatsudan_tomodachi
ä»Šå¹´ã®å¤ã‚‚æš‘ã„ã§ã™ã­ã€œ,zatsudan_tenki
ãã‚‡ã†ã¯æš‘ã„ã­,zatsudan_tenki
æ˜Ÿåº§ã¯è¦‹ãˆã¾ã™ã‹ï¼Ÿ,q_keshiki_uchu
å…ƒæ°—ã®å…ƒã¯ä½•ã§ã™ã‹ï¼Ÿ,q_status_kibun
ãƒªãƒ¼ãƒãƒ³ã‚µãƒƒãƒˆã£ã¦æ¥½ã—ã„ï¼Ÿ,q_rsp
ã•ã¿ã—ããªã„ï¼Ÿ,q_status_kibun
ã„ã¾ã¯ã©ã“ã®ä¸Šï¼Ÿ,q_status_ichi
å§¿å‹¢åˆ¶å¾¡ã§ãã¦ã¾ã™ã‹?,q_01_shisei
æ—¥æœ¬ã«å¸°ã‚ŠãŸã„ã‹ã„ï¼Ÿ,q_status_kibun
èº«é•·ã¯ä½•ã‚»ãƒ³ãƒã§ã™ã‹,q_01_shiyo
åœ°çƒã§ã¿ã‚“ãªãŒè¦‹å®ˆã£ã¦ã‚‹ã‚ˆ,kanso_oen
æœˆã¨å¤ªé™½ã§ã¯ã©ã¡ã‚‰ãŒå¥½ãã§ã™ã‹ï¼Ÿ,q_konomi
å®‡å®™ã¯å¥½ãã§ã™ã‹?,q_konomi
è¨€ã‚ã‚Œã‚‹ã¨ã†ã‚Œã—ã„è¨€è‘‰ã¯ä½•ã§ã™ã‹?,zatsudan_uchu_meigen
åº§å³ã®éŠ˜ã¯ä½•ã§ã™ã‹?,zatsudan_uchu_meigen
å­ä¾›ã®é ƒã®å¤¢ã¯ä½•ã§ã—ãŸã‹?,q_yume
ä»Šã€ä¸€ç•ªã‚„ã‚ŠãŸã„ã“ã¨ã¯ä½•ã§ã™ã‹?,q_yume
å¥½ããªèŠ¸èƒ½äººã¯èª°ã§ã™ã‹?,q_konomi
å¥½ããªéŸ³æ¥½ã¯ä½•ã§ã™ã‹?,q_konomi
è‡ªåˆ†ã®ä½“ã§å¥½ããªã¨ã“ã‚ã¯ã©ã“ã§ã™ã‹?,q_konomi
æµ·ã¨å±±ã§ã¯ã©ã¡ã‚‰ãŒå¥½ãã§ã™ã‹?,q_konomi
ç”°èˆã¨éƒ½ä¼šã€‚ä½ã¿ãŸã„ã®ã¯ã©ã¡ã‚‰ã§ã™ã‹ã€‚,q_konomi
å‹é”ã¯ã§ããŸã‹ã„ï¼Ÿ,zatsudan_tomodachi
å…ƒæ°—ã§ã™ã‹ï¼Ÿ,q_status_kibun
è¶£å‘³ã¯ï¼Ÿ,q_konomi
ã„ã¤åœ°çƒã«æˆ»ã‚‹ã®ï¼Ÿ,zatsudan_jikan
ä»Šä½•ãŒè¦‹ãˆã‚‹ï¼Ÿ,q_keshiki_uchu
ã‚¢ãƒ¡ãƒªã‚«ã®è¡›æ˜Ÿã¨ã¯ä»²è‰¯ãã‚„ã£ã¦ã‚‹ï¼Ÿ,zatsudan_tomodachi
ãƒªãƒ¼ãƒãƒ³ã‚µãƒƒãƒˆã£ã¦ä½•ï¼Ÿ,q_rsp
æ˜æ—¥å¤©æ°—ã«ã—ã¦ãã ã•ã„ï¼,kanso_ganbo
ãŠã¯ã‚ˆã†ï¼,aisatsu_asa
ãŠã‚„ã™ã¿ãªã•ã„ï¼,aisatsu_yoru
åœ°çƒã¯ã©ã†ã¿ãˆã‚‹ï¼,q_keshiki_tikyu
ã‚¢ãƒ³ãƒ‰ãƒ­ã‚¤ãƒ‰ã¯é›»æ°—ç¾Šã®å¤¢ã‚’è¦‹ã‚‹ã‹,zatsudan_uchu_meigen
å…¨ä½“ä¸»ç¾©é‹å‹•ã¯å¤§è¡†é‹å‹•ã§ã‚ã‚‹ã€‚ãã‚Œã¯ä»Šæ—¥ã¾ã§ã«ç¾ä»£ã®å¤§è¡†ãŒè¦‹å‡ºã—ãŸã€å½¼ã‚‰ã«ãµã•ã‚ã—ã„ã¨æ€ã‚ã‚Œã‚‹å”¯ä¸€ã®çµ„ç¹”å½¢æ…‹ã ã€‚ã“ã®ç‚¹ã§æ—¢ã«ã€å…¨ä½“ä¸»ç¾©é‹å‹•ã¯ã™ã¹ã¦ã®æ”¿å…šã¨ç•°ãªã£ã¦ã„ã‚‹ã€‚,zatsudan_uchu_meigen
èŠ¸è¡“ã¨ã¯èŠ¸è¡“å®¶ãŒèŠ¸è¡“ã ã¨æ€ã£ã¦ä½œã‚‹ãŒã€è¶…èŠ¸è¡“ã¯è¶…èŠ¸è¡“å®¶ãŒä½•ã¨ã‚‚çŸ¥ã‚‰ãšã«ç„¡æ„è­˜ã«ä½œã‚‹ã‚‚ã®è¶…èŠ¸è¡“ã«ã¯ã‚¢ã‚·ã‚¹ã‚¿ãƒ³ãƒˆã¯ã„ã¦ã‚‚ä½œè€…ã¯ã„ãªã„ã€ãŸã ãã“ã«è¶…èŠ¸è¡“ã‚’ç™ºè¦‹ã™ã‚‹è€…ã ã‘ãŒã„ã‚‹,zatsudan_uchu_meigen
å¥½ãã«ãªã‚Œãªã„ç›¸æ‰‹ã«ã™ã‚‰æˆã‚Šç«‹ã¤ä¸€èˆ¬çš„ä¿¡é ¼ãŒååˆ†ã«å­˜åœ¨ã™ã‚‹ã‚³ãƒŸãƒ¥ãƒ‹ãƒ†ã‚£ã§ã¯ã€ä¿¡é ¼ã‚’è¶…ãˆã¦è¦ç¯„ã¨ãªã‚‹,zatsudan_uchu_meigen
çœ ã‚ã†ã¨ã„ã†åŠªåŠ›ã¯çœ ã‚Šã‚’é ã–ã‘ã‚‹,zatsudan_uchu_meigen
ã²ã¨ã¤ã®é–‰é–ç³»ã€ã‹ã¤ã¦ã¯è‡ªå·±å¢—æ®–ã§ããŸã‘ã‚Œã©ã‚‚ãã†ã§ã¯ãªããªã£ãŸéå»ã®å¯¾è±¡ã«ã€åˆ‡æ–­é¢ã‚’å…¥ã‚Œã¦é–‹æ”¾ç³»ã«ã—ã¦ã„ã,zatsudan_uchu_meigen
æ–‡åŒ–æ´»å‹•ã¯è´ˆä¸ãŒåŸå‹•åŠ›äº¤æ›ã‚’ä¿ƒã™åŸå‹•åŠ›ã¨ã—ã¦ä½œç”¨ã—ç¶šã‘ã‚‹,zatsudan_uchu_meigen
æˆ‘ã€…ã¯è‡ªåˆ†ãŒæ­£ã—ãã‚ã‚ã†ã¨æœ›ã‚€ã®ã§ã¯ãªã„ã€‚è‡ªåˆ†ãŒæ­£ã—ã„(è³¢ã„ã€ç¤¼å„€æ­£ã—ã„ã€å„ªã‚Œã¦ã„ã‚‹)äººé–“ã ã¨ä¿¡ã˜ãŸã„ã®ã§ã‚ã‚‹ã€‚,zatsudan_uchu_meigen
ç§ã¯ãã†ã§ã‚‚ãªã„ã‘ã©ã€ã¿ã‚“ãªæ¬²ã—ãŒã‚‹ã‹ã‚‰ç§ã‚‚ãã‚Œã«åˆã‚ã›ã¦ä»•æ–¹ãªãæ¬²ã—ãŒã£ã¦ã„ã‚‹ãµã‚Šã‚’ã—ã¦ã„ã‚‹ã ã‘,zatsudan_uchu_meigen
æ˜ ç”»ã¯æ­»ã‚“ã ã€‚ã‚‚ã†ãƒ•ã‚£ãƒ«ãƒ ã¯ã‚ã‚Šãˆãªã„ã€‚ã•ã‚ã€è¨è«–ã«ç§»ã‚Šã¾ã—ã‚‡ã†,zatsudan_uchu_meigen
åçŸ¥æ€§ä¸»ç¾©ã¯å˜ãªã‚‹çŸ¥æ€§ã¸ã®è»½è”‘ã¨åŒç¾©ã§ã¯ãªã„ã€‚çŸ¥æ€§ãŒæ¨©å¨ã¨çµã³ã¤ãã“ã¨ã«å¯¾ã™ã‚‹åç™ºã§ã‚ã‚Šã€ä½•äº‹ã‚‚è‡ªåˆ†è‡ªèº«ã§åˆ¤æ–­ã—ãªãŠã™ã“ã¨ã‚’æ±‚ã‚ã‚‹æ…‹åº¦ã§ã‚ã‚‹ã€‚ã ã‹ã‚‰ã“ãåçŸ¥æ€§ä¸»ç¾©ã¯ã€å®—æ•™çš„ãªç¢ºä¿¡ã‚’èƒŒæ™¯ã«ã—ã¦è‚²ã¤ã€‚,zatsudan_uchu_meigen
å¤§åˆ‡ãªäº‹ã¯å¿ƒã®ãƒãƒ¼ãƒˆã«ãƒ¡ãƒ¢ã£ã¨ã‘ï¼,zatsudan_uchu_meigen
ã©ã†ã‚„ã£ã¦é€šä¿¡ã—ã¦ã„ã‚‹ã®,q_01_tsushin
é€šä¿¡æ•™ãˆã¦,q_01_tsushin
åƒ•ã¨é€šä¿¡ã—ã¦ãã ã•ã„,q_01_tsushin
é€šä¿¡ã§ä½•ã‚’é£›ã°ã—ã¦ã„ã‚‹ã®,q_01_tsushin
å€‹äººã‚‚é€šä¿¡ã§ãã‚‹ã®ã§ã—ã‚‡ã†ã‹,q_01_tsushin
é€šä¿¡ãŒé€”åˆ‡ã‚Œã‚‹ã“ã¨ã¯ãªã„ã®,q_status_tsushin
é€šä¿¡ãŒé€”åˆ‡ã‚ŒãŸã‚‰ã©ã†ãªã‚‹ã®,q_status_tsushin
é€šä¿¡ã§ãã¦ã„ãªã„ã®ã§ã¯,q_status_tsushin
ã‚¢ãƒ³ãƒ†ãƒŠã‹ã‚‰é›»æ³¢å‡ºã¦ã¾ã™ã‹,q_status_tsushin
ã‚¢ãƒ³ãƒ†ãƒŠã§å—ä¿¡ã§ãã¦ã¾ã™ã‹,q_status_tsushin
ã‚¢ãƒ³ãƒ†ãƒŠã§é€ä¿¡ã§ãã¦ã¾ã™ã‹,q_status_tsushin
